epoch,dice_coef,loss,lr,val_dice_coef,val_loss
0,0.5080983638763428,0.7355581521987915,0.001,0.27914658188819885,1.1056766510009766
